{"inDim":28,"hidden":40,"out":5,"W1":[-0.9039,-0.69723,-1.26137,-0.97368,-0.4504,-2.9669,-0.09306,6.22886,-0.90925,-0.57275,0.19684,-0.67691,-0.54827,1.97096,0.79639,0.74517,0.72654,2.08562,0.27568,0.51742,0.84158,0.08213,-1.90662,0.89923,-0.50238,0.12764,0.11168,1.17369,-0.07531,-0.0397,0.13728,-0.11119,0.08605,0.12854,-0.27755,-0.29351,-0.16364,-0.22868,0.18295,-0.07243,0.08009,-0.18758,-0.05151,-0.1642,-0.2558,-0.25482,-0.04466,-0.07228,-0.0574,-0.06766,-0.18503,-0.05332,-0.12253,-0.14052,-0.15513,-0.13542,0.01935,-3.4051,-0.41355,-0.38572,-3.73567,-4.33563,-0.05699,10.8863,-1.20152,-0.00546,0.08437,-0.60619,-0.36385,-0.58608,-0.57662,-0.7693,-0.79826,-0.65899,-0.20024,-2.67611,0.49079,-2.64354,-0.18839,1.11554,0.93713,1.25542,0.97434,1.00569,-2.89512,0.41814,-4.52267,-3.0664,0.37555,-0.68463,0.20178,2.04302,-0.00033,0.16351,0.39975,-0.12716,-0.42101,-0.62482,-0.0466,2.19845,-2.6671,-3.50181,0.93145,1.56989,2.49851,1.63048,-4.01657,0.61036,1.0103,1.61162,1.38342,0.62732,-0.26195,-1.06966,-0.00494,-0.30959,-0.71889,-5.6323,0.21454,1.91995,-1.76118,-0.78517,-2.17997,-2.76715,-0.36404,-2.95992,-2.47275,-3.05146,-4.87516,0.38523,-2.85993,2.62282,-2.84453,-2.67069,-2.96883,3.58979,-2.21719,-2.02536,-1.94833,-2.40344,-0.12788,1.52887,-1.66776,-1.5752,-3.62145,-0.84734,0.09108,4.46913,-2.26937,-0.2903,-0.05728,-0.38031,-0.7478,0.17056,-0.64855,0.21631,-0.60721,-0.04602,0.29226,0.36768,1.33501,0.39579,0.83265,0.57331,0.01111,1.11997,-0.12026,0.03306,0.07774,-1.10733,-1.09603,-1.21272,-1.22018,-6.73003,0.03071,11.60344,-0.39413,0.01443,-1.69752,-0.75691,-0.82785,-0.96944,-0.27056,-0.52295,-0.24834,-0.90699,0.35952,-3.29691,-1.6276,-3.39005,0.40622,0.1549,1.02335,0.73662,0.92873,0.38524,-0.30746,-2.42848,0.39587,0.5606,-4.82345,-0.08066,-0.03361,1.04772,-1.57351,-0.52605,0.07776,3.80161,-3.43165,-1.33262,-1.14909,-0.63271,0.20687,-0.32669,-3.59597,0.94912,0.65522,-0.08614,-2.96053,0.37345,-0.39403,2.13144,-1.004,0.81925,-0.29495,-0.3189,0.10678,0.08407,-0.18751,1.53993,0.06666,-3.63797,-0.88185,-0.27069,-0.06255,-2.08763,-1.19911,1.78504,2.58967,0.30965,-3.8095,1.66426,0.08178,-0.1857,2.33461,0.74642,-0.11435,1.86345,2.00904,3.70047,-0.26242,1.87924,-1.33701,-0.56637,-1.25936,-0.39119,-0.28856,0.2097,-0.07843,1.87189,-1.1038,-0.21036,-0.47692,0.88608,-3.17067,-0.79486,2.37735,-1.06929,-0.74766,1.27371,-0.07019,1.06879,-0.65102,-5.65656,-5.81264,-0.56078,2.16289,0.91668,0.44611,0.3597,-0.88414,0.29494,-0.87876,0.22484,0.5825,-3.62335,0.08926,-7.83965,-0.02302,-0.76333,-2.27691,1.18676,-0.19912,0.46636,1.19754,-3.52738,0.96025,-1.74775,0.31357,-3.55265,-2.01368,-1.69256,-3.54564,2.48652,-1.42187,3.24386,3.6288,2.1474,0.81284,0.33375,0.73719,0.93649,1.14833,0.51384,-0.04834,-2.49049,-8.10451,-0.01819,0.13289,0.82354,-0.91619,-0.12619,-1.33688,-0.79998,0.85866,0.38503,-1.18957,0.04123,0.41687,-0.57572,1.16274,-0.02021,0.16012,1.67682,1.21106,1.01358,0.10648,-1.65651,-1.27198,-1.36543,-1.37667,-0.09498,-0.08293,0.0738,6.21337,-0.32986,-0.39854,-3.2126,-1.08625,0.29059,-2.27446,-0.68625,-0.44025,0.35436,0.62145,-0.58256,1.12969,1.07296,1.36342,-0.40789,0.34015,-0.43828,-0.1442,-3.2559,-0.12779,1.89983,-0.50931,-0.18338,0.0451,3.85872,0.0299,-9.22255,-0.91472,0.01806,-0.06733,-0.5463,-0.40576,1.23579,0.86535,0.57816,1.13188,1.0341,0.01951,-1.26035,-0.12874,-1.35138,0.09593,0.59832,0.68783,0.62743,0.52248,0.85106,-0.60295,1.24371,0.89524,0.35273,0.86003,-1.67735,-0.02627,-10.47709,-0.30364,-0.29795,-0.17236,-0.55824,-1.8813,1.71028,0.73218,0.28227,1.57738,-2.06339,0.34646,0.15003,-0.19522,1.99988,0.63545,0.28168,-1.04697,-1.1416,2.51181,-1.05951,1.04059,-0.55404,-0.60817,-0.5905,-0.8585,0.01916,-0.08905,3.88824,-0.90394,0.17596,-0.24314,0.51441,-1.01663,-0.0746,-1.16422,0.49438,0.59057,0.48009,0.03979,-2.45155,-2.04069,-3.23137,-1.28686,2.09761,1.77808,1.58088,-3.6446,-3.6359,-3.77606,-0.27298,-3.87649,-3.70393,-0.67318,-6.17556,-0.09849,10.35903,-0.53021,0.05029,0.0698,0.09521,-0.51595,-1.43141,-2.56819,-2.02429,-2.63496,-0.9766,-0.1268,-0.00829,0.49072,0.11435,0.18018,0.03662,-1.13269,0.11013,-0.74651,0.04615,0.18633,-1.80221,-1.77575,-1.75788,-1.93449,0.79131,-0.14889,-2.08213,7.05993,0.26472,-0.06213,-0.25652,-0.85819,-0.58895,0.31901,-1.01634,-0.28228,0.54844,0.59318,-2.09605,0.26477,0.38831,-2.33955,1.06474,0.37211,0.89423,1.04588,1.16601,-0.44337,0.33592,0.00919,-0.19534,0.24354,3.69244,0.00854,-9.22173,0.47293,-0.88244,-0.46701,2.49039,1.63186,0.89248,0.50666,-0.82288,-0.73324,1.15747,-4.49044,-2.88159,-1.05544,0.41038,0.69178,1.25851,1.39485,-0.65298,0.56632,1.59233,-0.18428,-2.0495,-0.84226,-0.68192,-1.99509,-3.52214,-0.01144,8.52097,0.45719,-0.19417,-0.02207,1.3276,1.80873,-0.54519,-1.82791,0.35676,-1.94384,-0.92796,-0.78573,-4.19065,-1.38501,-4.23403,-0.8329,1.2995,1.14439,2.31689,1.05973,1.42839,6.57262,-5.53196,-4.2913,-5.23167,0.84535,0.50294,-0.11382,-1.18217,-1.83163,-0.18502,-0.11331,0.45801,-0.83969,-0.36677,-0.66897,-0.92361,-0.81609,-0.2407,-0.23971,-5.78129,0.38284,-0.05312,0.07007,-0.23692,0.02966,0.1267,0.10843,0.37444,-1.24545,-1.33156,-0.84056,-0.36276,-0.24809,-0.06055,0.3524,4.02258,-1.32433,-0.58952,-5.09353,-4.06467,-0.51466,-3.05738,-2.06225,-5.05834,0.18394,-0.01478,-2.13346,1.00724,0.39531,0.58663,3.08732,-1.49442,2.48458,3.18527,-2.41109,0.15996,-1.33315,-3.63865,0.93112,0.77214,0.4506,3.6747,0.12219,-10.79224,-0.74483,-0.12578,-0.02716,0.91689,2.11025,-0.89686,0.58916,0.28667,-0.27791,0.64407,0.10982,-0.08175,1.40905,-0.47995,-1.33771,2.03823,1.62417,2.08384,0.72971,-0.32473,-0.81987,-0.15226,-0.94939,-0.66437,-0.64758,-2.0016,-0.15631,4.77291,-0.11879,-0.76274,-0.28601,0.02808,0.40104,-0.24975,-1.49284,-0.83563,1.14395,-0.37256,0.39874,-1.51648,-2.31779,-2.0038,-4.85758,-0.97595,0.69988,2.53169,2.29436,0.86568,-0.01917,-1.98078,-1.82929,-1.82956,-2.41846,-0.04121,-0.15428,-0.56084,6.74444,0.4681,-0.06343,-0.15001,-0.00312,0.0511,-0.02545,0.57701,-0.16682,0.17827,-2.20848,0.67114,-2.24305,0.09303,-2.44968,1.66776,1.66288,1.48606,1.44897,1.39158,2.49171,-1.7027,-2.44107,-2.26907,-1.94827,-6.42524,0.06615,10.98842,-0.22601,-0.09666,-0.1202,-0.5702,0.1181,-0.34942,-2.29981,-1.62773,-2.95583,-1.40474,-0.18024,0.06604,-0.00345,-0.13486,-0.15569,0.14062,-1.27761,-1.25281,-1.38004,0.0836,0.67501,-3.19505,0.93455,1.01106,-5.29098,2.02307,-0.09328,-4.75431,-3.06352,-0.06388,0.27261,2.79555,4.52576,-3.50462,-2.55881,0.69335,-0.25793,-0.36273,-1.20196,-0.06957,0.49934,0.3802,0.1112,0.22029,-0.22295,0.69348,-0.77831,-0.3308,0.09872,-1.04245,-0.39882,-0.69978,0.38665,1.0324,0.64576,-2.70129,-0.06225,-0.58781,0.08034,1.39502,-1.83274,-0.99532,-3.4643,1.86002,0.31495,-1.73573,-1.15834,1.95741,1.88814,1.3345,-1.64238,0.42304,1.6862,-3.23863,-4.53444,-4.50283,4.18052,-3.78939,-1.69521,-2.99057,1.13063,2.50845,0.07734,-7.17764,-3.18215,-0.45365,-0.05066,0.28362,-0.65111,0.33111,-0.01444,-0.3378,-3.30936,-0.15933,-0.23164,1.17591,-0.38029,-0.4839,-0.0057,-3.853,-3.74029,0.90726,0.90617,0.8959,-0.82448,0.5765,0.62464,0.38275,1.60068,1.35619,0.11561,-4.31627,-1.5305,-0.2354,0.16586,2.65641,2.19201,0.5974,-2.51794,0.51123,-0.08035,-1.9026,-0.43412,-0.74514,-0.12878,0.0933,0.37982,-1.34632,-0.92367,-2.86039,-2.3062,-2.53871,0.52478,-1.0335,0.58699,0.82085,-0.72528,0.68405,0.16164,-3.13254,0.02898,-0.32327,0.22747,1.36466,-2.11003,0.80799,-0.78313,1.03343,-3.71149,-3.94705,-5.95677,-5.89831,-6.00113,0.9235,-0.6907,-3.99826,-4.20853,-4.10493,3.1728,3.47165,-0.13205,-1.87457,-1.83518,-1.7631,-2.11719,0.41417,-0.19159,-0.73841,6.77002,0.28293,-0.15667,-1.08273,-1.10562,-0.77541,-0.10763,-2.87473,0.19619,-0.81766,1.41639,-1.55666,1.50228,-0.51434,1.55204,0.61204,0.47935,-0.33097,0.30415,0.75862,0.0866,0.083,0.09286,-0.26069,-0.07484,-0.32259,-0.11207,-0.29975,-0.29201,0.01483,-0.04797,-0.33687,-0.14781,-0.00544,-0.3083,-0.12616,-0.23085,-0.17503,-0.1699,0.09945,0.0444,-0.00018,-0.2243,0.02745,-0.22894,-0.31827,-0.24635,-0.06593,0.03875,-4.03794,2.52484,2.73492,-3.30089,1.74946,0.05917,-4.13883,-2.50522,-0.1368,0.07629,-0.83218,-2.78565,0.51998,0.38725,