{"inDim":28,"hidden":40,"out":5,"W1":[-0.09132,-0.87334,-1.58387,-1.46685,-0.50223,0.12923,0.42791,0.18156,-1.0545,-0.65606,-1.94956,-0.09868,0.48585,3.12551,-1.03245,-1.00531,-2.17185,-5.20659,-0.10804,2.14217,0.00346,-4.58748,-1.06834,-4.49238,1.07861,0.03479,2.13525,3.68418,-0.90352,-0.27047,-0.6398,-0.38697,-0.55343,-6.06299,0.69342,1.99251,-3.04953,-0.84987,-2.13636,-3.10699,-0.15225,-3.80322,-2.69901,-2.6134,-4.96301,0.64261,-2.75872,3.01085,-3.0342,-2.33677,-2.31778,3.64909,-1.9216,-0.54481,-1.23432,-2.53975,-1.52716,0.09397,0.23712,0.23846,-0.25471,-0.76335,-0.14303,1.74077,0.12655,-0.60786,-0.38917,-4.084,-0.00377,-1.11396,-2.14818,-0.08839,-0.57752,-0.20537,-0.18543,-2.51316,-0.60102,-0.50439,-4.62866,0.07989,0.07695,3.32712,3.43635,2.73243,-0.05453,1.19962,1.39975,1.17283,1.13702,-1.98915,0.02998,-13.22563,-0.43352,-0.01479,-0.03377,-0.8101,-2.50158,1.17987,1.16547,0.49459,-0.37738,-0.87932,2.01408,1.44509,1.08122,0.73528,1.21595,-0.21295,-2.268,0.57249,0.95047,0.73459,-7.14361,0.39927,-3.65766,-0.70277,1.5262,-2.31118,0.01197,3.9999,-2.00512,0.22334,0.16574,0.81334,1.82048,0.55758,-0.57729,-0.92733,-0.66478,-0.24492,-0.37745,-0.74564,1.12851,-4.74016,0.11405,0.18798,-0.57559,0.55072,-0.08278,0.49811,1.3941,-0.05117,0.26339,0.27059,0.12901,1.87151,0.1316,-4.73206,0.99622,-1.18958,-0.18859,0.19053,-1.12553,-0.86003,-1.11948,1.34479,-2.10937,-1.62734,-4.63966,1.04731,-0.71004,-0.06198,-0.4398,-4.60031,-3.34558,0.36794,-0.90182,3.66607,-0.45998,-0.35205,-0.93602,-0.96197,-0.86386,1.66807,-0.19748,-5.06951,6.42726,-1.00165,-0.57671,1.30987,-0.15907,-0.91792,-1.00691,-3.60217,-3.56637,0.25103,0.3343,-3.31922,-0.43521,0.84194,0.96538,1.06399,1.0584,0.44772,0.57139,0.69404,-1.07478,0.6995,-1.2471,-3.13647,1.83065,3.07869,0.13919,-7.85981,0.04878,-0.55769,0.26759,0.80367,1.79924,-0.05432,-4.51928,1.70683,-5.03635,-0.52502,1.34004,-1.15415,-0.59524,-0.38894,1.53716,-0.54927,0.5664,-6.49201,0.19029,-1.95829,0.7178,0.18334,0.69628,0.7716,1.11421,2.34094,-0.13468,-5.61228,-1.3637,-0.72546,-0.41007,0.6497,-0.82418,0.07426,1.49205,-0.87023,0.44308,0.68934,-1.02777,-1.05168,0.55368,0.98323,0.79937,0.79883,0.47603,2.39321,1.98924,1.68409,-0.26091,-3.22417,0.80148,0.65514,-1.59352,-0.76815,-0.17374,4.21774,-1.92882,-0.65809,-0.04128,-6.30762,2.07586,-2.20748,1.62036,1.56088,-0.61028,-2.06351,-3.62404,-2.37083,0.31891,-0.13892,1.14465,0.75843,1.46982,-1.33879,-2.63434,-0.63692,0.08374,0.54771,0.63282,0.66321,0.57795,3.08776,0.09732,-8.19418,0.16423,-1.15703,0.13406,1.73286,0.85911,1.83894,0.57175,-2.04358,0.62934,0.02305,0.41934,1.17953,-0.18792,-1.2022,-6.24445,-0.86458,0.62324,0.41717,1.31208,1.44936,-0.24229,-0.84386,-4.54614,-4.65175,-4.79103,1.09545,0.0615,7.57696,-1.23059,-0.20323,-1.39852,-0.30376,0.456,-0.93047,-0.83897,-1.03961,-1.40998,-1.77278,1.4294,-0.13885,-0.42707,-0.79758,0.44672,0.0814,0.37874,0.37595,0.14027,-0.20041,-3.33074,-0.01894,-6.58716,-6.68873,-0.65404,-1.20937,-0.36947,3.6329,-1.52081,0.59649,0.05548,1.18838,0.8161,0.98999,0.87245,2.37941,0.07288,1.14399,0.85665,0.92969,2.33305,0.40993,-4.39601,0.37403,0.38016,1.10641,0.20407,0.79288,1.30091,0.24097,0.16677,0.39615,0.2415,1.93341,-0.01368,-4.53159,-0.03096,-0.35296,-0.23029,0.405,-0.855,0.64738,-1.03256,1.80102,-2.28284,-0.48348,-3.20209,1.14896,1.32545,1.17169,1.2174,-0.02968,0.58787,0.97248,-3.39884,2.27779,-6.67242,-3.98438,-3.78786,-2.1747,1.32598,1.08954,0.3823,-4.09229,0.51564,-0.54849,-0.62314,1.26294,3.78247,-2.57428,-1.25936,0.6132,-4.38374,1.49416,-1.33378,-0.66299,-3.57582,-1.14219,-0.59123,1.10779,0.42275,0.93087,1.21437,-0.32364,0.18592,0.29423,0.83691,0.99161,-3.83202,-0.25736,-0.05791,0.01482,-1.34238,-0.17057,-0.37371,-3.2636,-3.59741,1.17225,1.1183,0.47073,1.26312,1.50083,0.69903,-1.55496,1.65935,-1.21599,0.02717,2.68389,2.97642,4.94628,3.19869,3.51259,-0.27765,0.06217,-0.07248,-0.67261,0.72632,-1.69564,0.16298,0.53129,0.00978,-0.33965,-4.64545,-2.18994,-5.13975,-0.9815,1.77917,-0.478,2.76864,-1.306,0.56719,-3.21717,-4.41161,-1.44342,-4.00803,1.96821,-2.74001,2.49457,3.72246,1.45792,-0.45226,1.0852,-1.41665,-1.69448,-0.02105,0.41878,-0.23154,-0.1064,-1.76458,-0.1169,-0.91143,-2.75892,-3.90072,-1.21449,-0.32453,-0.16267,-2.44252,-0.77409,-1.7826,0.92106,1.36723,0.50329,4.48496,1.7823,2.65923,3.25865,2.91069,1.83331,-0.26941,-1.84436,-1.96867,-1.75299,-2.24059,0.15838,-0.21337,-1.26521,7.05868,-0.07928,-0.50472,0.22085,-0.40064,-2.31222,-0.50285,0.45372,-2.11202,0.8299,-0.44891,0.45377,0.38,0.28788,-2.3092,0.5227,1.05595,0.24989,0.74029,0.42679,0.2065,-0.93334,-1.42398,-1.50736,-1.45204,-2.29154,0.1992,6.35876,-0.42921,-0.06724,0.44243,0.60387,-2.41684,1.40799,1.18933,0.88648,-0.59948,1.25688,-1.86946,-3.93443,-2.45375,0.71801,0.40897,-1.45098,-1.55311,1.45749,0.94694,1.88497,-0.21866,-0.75205,-0.63704,-0.46195,-0.61799,1.55944,0.48041,-3.95149,0.57754,-1.20937,-0.4562,1.98541,-0.42901,1.46893,-4.3202,-0.25128,2.28366,0.73536,-4.27206,-1.15801,1.61318,1.47348,-1.27432,-0.06661,2.45574,0.49768,3.11011,0.46228,-0.01537,1.73251,-0.67014,-0.2777,-0.30633,4.93804,-0.14007,-8.65399,-0.49852,-0.04356,-1.94588,-0.66957,-0.14889,0.56794,0.5418,0.58109,0.28036,0.14504,0.41355,-1.73856,-1.5492,-1.72441,0.34495,0.31312,0.45414,0.23414,0.34976,0.31354,1.00313,-1.63257,2.26243,2.30977,-1.67861,1.4512,-0.11709,-4.37578,0.23764,-0.02679,-0.02859,-0.87408,-0.6629,-0.26767,-1.09958,-0.76653,0.04447,0.83965,1.01932,0.8126,-3.21612,1.06054,-0.47249,3.4752,2.81439,1.65446,0.75886,2.20398,0.43303,0.62037,-1.71495,-1.07551,-0.28624,0.35113,0.23616,-0.79579,1.22964,-0.19179,-0.10727,-1.35959,0.73742,1.19066,-2.85015,-1.0563,0.31587,-3.76385,-4.46811,-3.09537,0.50944,-4.31692,1.16306,0.01359,-3.91832,0.22814,1.21728,-0.02108,4.0037,-0.45775,-2.74139,-1.79932,0.41824,-4.57004,0.3614,2.59213,-2.15194,-0.5399,0.15192,-1.99706,0.0177,0.34086,-3.73388,-2.11287,-1.10579,-0.37164,-1.26351,-1.79084,-0.94966,-2.002,-1.53338,0.72161,1.20955,1.22395,-0.35316,-0.16047,0.06978,-0.39243,1.15868,-1.65732,1.16458,3.37047,0.08299,-11.22645,-0.58761,-0.24597,-0.24095,-1.4401,1.8106,-0.54402,-0.44162,0.64575,1.51519,1.25085,-0.20124,-1.59811,0.02886,-0.74356,-0.39095,1.03333,0.96316,1.22238,-0.16714,-0.21699,-0.17772,0.30537,0.01877,-0.32286,-0.40846,-0.51657,-0.85353,-0.4736,-0.62976,-0.6724,-0.07182,-0.01645,-0.58242,-0.11612,-0.12508,-0.36863,-0.11799,-0.74281,-0.02531,-0.13726,-0.46831,0.05307,-0.82852,-0.02649,-0.75561,0.38625,0.00033,0.312,0.28205,-1.71316,-1.78897,-1.55438,-2.13516,1.60902,-0.11798,-3.96216,6.39443,0.16361,-0.16566,0.99499,-1.43285,-0.54408,-0.09469,-0.15978,-1.00464,-0.92609,1.27919,-1.7383,1.01472,-1.18875,-1.57336,0.59092,0.48256,0.8996,0.55984,0.44964,-7.98773,-4.31878,-1.95515,-4.217,1.87466,0.95818,0.14651,-3.46515,-0.45653,-0.40864,-0.45011,0.58382,2.25159,1.48813,-0.96938,1.89224,-1.87109,1.11184,-3.9257,0.6357,-4.13939,1.75099,0.67287,0.06897,-0.45312,-0.60268,-0.20913,-0.1876,-0.45421,-2.25227,1.62367,1.73378,-4.73944,-1.07799,-0.02093,3.7868,-1.26768,-0.15245,0.34265,0.68478,-1.30509,0.00023,0.84942,1.51593,-0.06718,-0.78342,-1.31917,0.41287,-1.13219,-0.81473,0.32712,-0.49715,-1.87627,0.42887,0.26237,1.19004,1.69465,-1.81584,-4.2842,-4.54357,-1.77126,-5.91186,-0.06649,10.97716,-0.24509,0.03535,-0.05111,-0.05593,1.41761,-0.59163,-0.65921,-1.16403,-1.72779,-1.80551,-2.81689,-0.0801,0.03661,-0.1582,-0.03425,0.12692,0.08812,-0.51345,-0.04614,-0.00614,0.6125,0.44313,0.76842,0.33797,0.63379,3.12251,0.06294,-6.02613,0.27522,-0.13916,0.6314,1.27281,-0.33638,-1.40426,-3.25643,0.72173,-0.78535,-0.9544,0.82931,-1.91991,-1.73388,-3.79837,-5.27941,1.85999,-1.76565,-0.08364,-2.39162,-1.92485,-0.1392,-3.02509,2.5511,2.2539,-2.90611,3.35114,-0.0176,-8.31809,-2.13582,-0.44329,0.01837,0.34077,-0.51598,-4.74693,-4.80524,-1.11575,2.0685,2.05685,0.80387,0.65415,1.61498,-1.85481,-0.95755,0.50532,0.25474,3.56673,0.75219,0.44678,-0.00962,-2.36001,-2.11678,-2.0004,-2.99257,-0.24931,-0.08614,0.59713,6.15225,0.39141,-0.1278,-0.11602,0.17342,-1.10706,-0.72744,-0.41423,-0.75962,-1.05608,1.1094,