{"inDim":25,"hidden":40,"out":4,"W1":[1.31179,-0.82235,0.01037,0.88766,-0.29343,1.87665,0.39027,-7.88074,0.49383,-0.13153,-0.23787,0.55487,-2.49371,-4.4959,1.14939,-1.50079,-2.71404,1.91508,-3.86381,-0.35695,-3.93843,2.58337,-3.51438,2.59547,0.11185,-5.15241,-0.60118,-5.01988,-3.20423,1.0627,0.33879,-0.03374,-1.87788,-0.243,-0.50089,-0.37099,1.67148,0.26934,1.56296,1.49062,-0.81732,2.80811,-3.44651,3.77605,-0.01903,-3.46186,1.02774,0.70774,-2.90924,0.85209,-0.52873,-1.62519,-1.21531,-0.92004,-1.92727,0.91228,-0.1064,-2.11131,8.41564,0.27792,-4.2553,-1.28697,-0.83519,-0.43061,-4.69708,-1.57872,-1.20948,-2.5919,0.29021,1.1554,-0.6442,0.60675,0.73427,0.69974,1.34023,-0.00196,0.10837,1.1134,1.3867,-0.77732,-0.02461,-0.12443,-1.6528,1.28845,-0.21532,-0.35638,-0.12843,-1.30371,-2.7273,0.99781,-1.1899,0.95415,-5.58314,1.63569,-2.3443,1.84613,-1.62822,1.97784,0.27764,1.80302,-0.39827,-0.83088,-2.46832,-2.65323,-1.49458,-0.46606,-0.02608,9.31111,-0.35487,-0.16103,-2.47024,-0.10276,-0.48594,-2.14937,-2.03252,-2.08709,-2.203,0.66149,0.8708,0.74987,1.03442,-0.54501,-0.69816,-0.11618,-0.29058,0.09219,-1.70605,-1.55208,-1.45285,-2.77258,-0.26094,0.01135,0.37842,7.95636,0.13421,-3.48433,-1.26201,-1.33999,-2.12559,-1.3948,-1.72548,-1.42437,0.92549,-2.09906,1.08882,-2.65912,1.33285,1.78844,1.89262,1.82129,0.08105,1.48252,-1.93274,1.62342,1.30975,4.09148,-0.14339,-11.77234,-0.11794,-0.09908,-2.7486,-1.23898,-1.51502,1.42172,1.08332,1.19196,1.108,0.26172,-3.77748,-3.75928,-0.33758,2.10179,1.63918,1.62763,1.58615,-0.19317,-2.90479,-1.63829,-0.35428,-0.44964,-1.51457,-0.04189,2.5921,0.21701,-0.45576,0.05673,2.02233,-1.4408,1.63183,-3.14375,-0.77266,-0.9728,-4.2703,-3.86564,0.49646,-4.0659,-3.24835,0.44091,0.05272,1.35203,-1.36945,0.17958,0.26318,0.50136,0.43584,1.64589,-0.05129,-2.80129,-1.14876,-0.3874,-0.34693,-1.96154,-1.52561,2.23826,-3.22135,-1.66284,0.35926,0.28177,-1.49139,0.48576,2.89494,2.0128,-3.03853,4.078,2.19995,0.61355,-0.50647,0.06429,0.14975,-0.74806,-2.89957,-0.14008,8.79313,-1.75131,0.39528,-0.05169,-1.66843,-0.56992,-0.78935,-1.02059,0.08354,-1.33114,0.83934,-2.73654,0.00893,-0.02561,0.47913,1.16857,0.42605,-0.33346,-0.49644,-5.79292,-0.35258,-0.09343,-1.04017,0.14259,0.22118,2.17377,0.63103,-0.69394,-0.48506,-1.37707,2.15878,-1.54392,-1.76112,-1.99096,0.76716,-4.6278,-0.04978,0.26856,0.74485,-0.63588,0.99029,0.53979,-4.80787,2.03168,0.11816,-5.69158,-5.91899,-0.78433,1.12104,0.1254,-3.04923,-2.14562,1.17162,-0.22172,0.08559,1.14728,2.31722,-4.33087,-0.16097,-0.17644,1.01883,0.85433,2.19531,0.56068,0.53841,-2.22132,1.04311,-0.27345,-2.03201,-1.2738,-0.75212,-0.73836,0.81579,1.80044,0.30013,-4.37884,-0.40458,-1.60924,-1.27859,2.82471,-4.35699,-0.93795,0.92507,-0.33506,-1.17073,-4.57295,-2.55692,1.7207,-2.41607,-0.83743,-5.24473,-0.69686,0.14563,-0.29374,-1.9795,-3.06711,-4.65198,1.39414,0.78405,0.29079,-2.4025,0.85172,-3.59119,-3.68859,2.62717,-2.52293,0.83371,0.48268,1.44605,-1.94589,-4.45615,-0.62291,-1.31146,1.89362,-2.49266,-2.57216,-0.1207,-1.54314,2.09141,-1.73488,-2.80996,-2.39992,-1.90736,-5.25035,-0.05889,10.95038,-0.23193,-0.01462,-0.01265,-0.30887,-1.59803,-0.50745,-3.22869,-1.2252,-1.64286,0.24622,0.31979,0.36953,0.04745,-0.04295,-1.40345,-1.46266,-2.01393,-0.30903,0.08524,-1.03352,-0.351,-1.15958,-1.20756,-0.80827,3.65209,-1.84411,0.139,-0.30417,-1.94452,-0.94615,-2.19989,-0.3218,-0.12805,-5.21718,-2.2577,-0.16278,3.94326,-3.09433,-2.03499,2.11371,3.49669,1.23536,-8.79985,-0.33306,-2.85931,-1.33816,0.28803,-2.56663,-0.14937,6.64383,-0.55821,-0.43518,0.22149,-0.4318,0.6475,0.66371,-5.37082,1.07624,0.08838,1.84511,-0.08004,0.41832,-0.48058,0.87615,0.33159,-0.01122,0.10452,-0.07293,-0.04622,-0.13812,0.07132,-0.17781,-0.23705,0.14943,-0.16999,-0.14658,0.02723,-0.02995,-0.35736,-0.06779,-0.08262,0.1393,-0.23123,-0.18397,-0.22791,-0.02571,-0.08063,-0.22332,0.04381,-0.10473,-0.21744,0.08662,-0.65591,0.04289,0.63252,0.95983,0.29498,1.85556,-0.17343,-4.90923,-0.57998,-0.34707,-0.49194,2.05855,0.13578,1.81592,-2.88365,2.47358,-0.17957,0.93521,0.54608,-5.29037,0.00335,0.57326,-1.8404,1.10825,-3.39805,0.08445,0.42331,0.57353,1.38607,0.31361,2.20633,-0.01795,-5.40939,0.41468,-0.47966,0.50346,-1.71728,-0.16425,-0.95665,2.74569,-3.73411,2.2307,-0.43,-4.46886,-0.66089,0.47182,-1.68305,1.69224,-1.82187,1.59945,-0.19199,1.35989,1.35985,0.65099,0.33697,-0.86072,-0.18645,-14.09378,-1.05811,-0.40506,-0.4607,1.55112,0.04331,0.90247,2.23335,-1.20299,0.92776,0.73267,-0.06599,-0.63773,1.63984,0.97574,-0.29963,1.90704,2.05596,-0.08875,-0.9577,-2.66352,-3.36001,1.98391,0.83414,0.10635,-1.69873,-1.72541,-1.81826,-0.18263,1.90296,2.0055,-0.05894,-4.19631,-2.01245,-1.75326,-0.89806,-0.86933,-5.24148,-4.98706,0.64799,-1.54919,0.24116,0.76818,1.0167,-0.1419,0.16364,0.12686,-0.31384,3.72353,-0.10063,-9.95709,-0.03714,-0.68104,-0.08699,2.09642,-0.47524,0.58046,0.4296,0.14759,-0.68207,-4.85298,-3.21808,0.35957,1.1437,2.66715,2.81375,0.46414,0.41026,-0.25662,-0.88616,-1.88421,-1.5245,-0.1783,0.92131,0.18901,-1.47726,0.51483,-0.75033,0.38686,0.83362,-1.61737,-0.04004,1.19376,1.24271,-2.02206,2.73667,-0.97055,-3.39127,-1.09766,2.80079,0.00243,1.74922,-0.54966,-6.90583,0.32471,-4.20763,-3.79592,3.14128,1.03773,-0.13699,-2.74094,-0.23635,-2.30246,0.79249,-0.47418,-0.41825,1.11315,-1.48944,0.45243,0.51474,2.6128,-0.13807,-0.67179,0.78514,0.31951,0.30661,0.0773,0.0924,6.29263,-1.343,-5.99249,-5.73178,-0.52859,-0.99538,0.00918,1.77853,-1.83198,0.09943,0.31896,-0.16299,2.73364,-5.22241,-2.42692,-2.29051,-2.61491,-5.49163,-0.38984,0.23575,-0.04345,-0.00607,-0.129,-0.93049,0.2074,-8.70514,-1.28195,-5.642,-4.4749,2.04022,-1.23209,0.23003,3.55728,-0.22382,-2.05462,0.40031,0.90865,0.91513,-0.41339,-1.23758,-0.81485,-0.28904,1.30863,2.75263,-1.48252,1.40251,-0.00636,-0.4722,-0.78362,0.05221,0.21444,-0.68555,-0.85536,-1.12947,-0.56575,1.89606,0.52833,-6.04292,3.70205,-1.30472,-0.40992,0.07726,1.72414,2.36935,-1.66139,-0.9076,0.49666,0.47009,0.02474,-5.26459,-5.13178,0.5619,0.07274,0.86158,2.79086,0.05468,0.00557,2.67941,2.4436,-0.85947,4.99527,-0.11141,-12.79218,-0.98768,-0.60383,-0.30308,-0.59415,1.11719,0.96019,-0.53321,0.63549,0.99446,1.81446,1.55835,-1.69236,-2.33389,-0.49518,0.13044,0.79791,0.80714,2.61803,-4.60873,-0.32666,-1.35737,0.93535,1.71784,-0.23911,-5.67714,-0.45413,-0.6385,0.0647,-0.14931,1.93331,0.55278,-0.66289,1.40298,-3.5361,-1.29777,-1.81374,0.02568,-0.46705,-0.15196,0.2659,-1.60082,0.26156,-0.10239,0.06451,0.12836,0.12828,-0.0596,-0.17199,-0.24129,-0.1465,-0.18714,-0.38779,-0.0665,-0.33278,-0.27216,0.08871,0.13085,-0.05782,-0.11129,-0.15893,-0.11311,-0.26442,0.05903,-0.05998,0.12456,-0.07012,0.08481,0.15889,-0.58718,0.11821,0.2948,-1.43763,-0.67617,0.38648,0.46202,1.26996,-0.7354,-1.64751,-5.57534,-1.0066,-2.79943,-1.9601,-2.0629,-0.17809,-2.56587,3.73221,-1.87035,-0.84167,3.175,1.42273,1.39301,0.30423,0.05302,-0.11648,-0.18481,0.00981,0.05071,-0.14114,-0.0273,-0.39824,-0.04289,-0.18315,-0.13711,0.04984,-0.31116,-0.13398,-0.04023,-0.1321,0.11162,-0.22207,-0.07564,0.01425,-0.1928,-0.33501,-0.31403,-0.23425,-0.34812,0.0916,0.10405,-0.20302,0.13177,-0.24262,-0.12292,-0.20396,-0.26427,-0.07527,-0.15703,0.04829,-0.37589,-0.37467,0.03835,-0.21876,-0.10492,0.13725,0.02051,0.014,-0.20224,0.01243,-0.14396,-0.21199,0.08078,0.10009,0.93834,-2.47751,0.12917,0.0187,-1.70536,-0.14548,0.07098,3.48241,-0.18443,-0.62671,-0.74272,-0.53794,2.62814,-5.31791,-1.62603,-0.86768,-8.16546,-0.68701,0.79084,-0.20839,2.84693,-1.22956,-0.12457,-6.15853,1.07835,-0.01841,0.27956,0.62836,0.53549,-0.15119,2.48091,-0.20595,-5.61636,-0.06084,0.18648,-0.78281,-2.99389,-0.60038,1.78228,-2.47703,2.51494,0.8599,0.61175,-0.70777,-2.72465,1.98211,-0.24645,-2.53275,-0.6094,0.78184,5.22161,-5.15905,-5.24046,-5.29874,0.77112,0.20994,0.29784,-2.58592,0.06763,-1.30311,-0.48174,0.42324,-2.05015,0.05215,-0.64147,-0.18138,-0.94982,0.63463,-5.96897,0.89638,-0.66411,-0.51974,-0.7252,-0.37776,0.12828,-0.05724,-2.32139,-2.30176,-2.04374,-2.75573,0.17897,-0.18291,-1.3726,7.26647,0.30321,0.04576,0.27803,0.58606,0.42713,