{"inDim":28,"hidden":40,"out":5,"W1":[4.96503,-4.648,-2.19956,-1.21463,0.80437,1.35239,-0.03919,-3.7492,-0.79359,0.04773,-0.0093,0.26051,-1.22776,-0.19181,-0.11243,0.21272,-3.9922,0.21461,0.6246,0.85032,0.39979,0.2086,0.69398,-0.1225,-0.06983,-0.0832,0.48955,0.49029,0.34547,-0.44426,-0.87273,-0.78794,-0.86128,-1.15882,-0.27738,6.31093,-0.67281,0.17967,-1.61928,-1.16827,-0.27916,-0.14855,-0.41023,-0.19575,-0.28015,-0.73479,0.00723,-4.24044,-2.15407,-2.42746,-2.64165,1.94788,1.85973,0.46226,1.22967,-3.16595,1.60897,-0.18088,-0.68689,0.01258,1.19173,1.52669,-0.20495,-4.23512,-3.33144,-0.20674,0.01641,1.90131,0.76122,-5.59118,0.71327,0.30289,0.74461,0.78228,-0.14392,-1.47634,0.98946,0.44746,0.71895,-0.80541,-0.35595,0.52207,0.6696,1.38324,-0.07056,0.7747,1.408,0.99357,-0.05162,1.60803,-0.0375,-7.36199,0.02826,-1.18249,0.41273,-2.87823,1.37842,-0.56568,-1.04484,-0.54129,0.90057,0.70719,0.57416,0.91245,1.03795,-3.50422,0.25604,-2.13784,-0.84466,0.18365,0.86165,0.48134,6.63719,-0.03004,-3.17946,-2.90879,-0.61423,0.26491,-0.12669,-6.42092,-0.27694,-0.17584,-0.00414,-0.05248,-1.0946,0.37302,-1.26656,-3.72696,-1.94773,-0.56261,-0.437,0.82171,-2.9797,-0.27588,-2.41936,-0.47144,-2.68561,1.41988,-1.16655,0.95653,0.43198,0.16834,0.49075,0.40952,0.01832,3.37819,-0.05653,-8.47225,0.06961,-0.91267,0.12371,0.57159,-2.80016,0.30976,0.36433,-4.34595,-1.28096,-1.48854,1.33283,-2.5598,1.13263,1.30463,0.54362,2.58455,2.42678,1.799,-2.30499,0.49156,0.78189,1.27436,-0.96655,-4.92911,-0.55647,1.56612,-0.12175,-4.07063,-0.50502,0.12173,0.16671,-0.66835,-0.48008,0.00279,-0.11564,-3.39302,0.2747,0.37016,0.86166,-0.18074,-1.41573,-0.38909,0.17104,-1.33061,-0.77385,4.78369,0.11024,-0.03872,-0.04475,-0.35223,-0.43828,-0.5562,-0.46962,2.75859,0.05595,-7.03898,0.85872,-0.66464,-0.11914,0.69677,0.39506,1.13215,-3.93002,-0.09396,1.21871,-0.0608,-3.7876,-2.82115,1.93987,0.92431,0.978,-0.1192,1.51261,1.10828,2.95539,1.06975,0.51538,0.10419,0.43431,0.27754,-0.40762,0.40847,0.29619,-2.9378,0.74677,-0.00051,0.6616,1.46516,-0.1086,0.58887,-0.42634,1.29365,-3.86749,-4.11398,-5.39201,-4.13544,1.33193,1.29503,0.68064,-2.73397,-2.27007,-4.35909,0.29107,1.41279,2.71857,-1.45596,-3.52544,-3.53758,-1.72856,-6.92438,0.17944,10.04719,-0.15129,-0.15881,-0.0187,-0.72532,-0.70869,-0.08785,-3.1087,-3.24395,-1.03153,-0.3847,-0.16181,-0.12012,-0.29148,-0.54563,-0.66638,0.01283,-1.66082,1.24624,-1.87491,0.36075,-1.34755,-0.49212,-6.13509,-6.42436,-0.8058,-2.27301,-0.04447,5.63149,-1.19697,0.49,-0.04448,0.66249,0.28953,0.3249,-0.0303,2.0639,-0.75031,-0.28731,0.4832,0.62947,1.828,1.09568,-3.66572,0.42317,0.44373,1.21645,0.24261,0.47172,-0.04628,-1.14893,-1.50335,-1.61348,-1.326,-6.699,-0.03706,11.58,-0.1617,0.0739,-3.45839,-0.4845,-0.45834,-1.33997,-0.22579,-0.648,-0.88047,-1.57814,0.23064,-3.15133,-3.16667,-2.27236,0.03748,0.34581,0.79852,1.39447,1.15982,0.4907,6.88934,-4.91071,-3.4606,-2.39373,-1.03705,0.25476,-0.02067,-0.15292,-0.97089,0.07362,-0.15484,1.04622,0.13311,-1.05142,-2.07524,-0.72252,-0.7982,-1.03011,-0.31567,-0.49664,-2.465,-0.93834,-1.12447,0.14747,-0.24521,0.77098,0.45613,0.81961,0.01173,-3.81419,1.05755,1.01719,-3.85628,4.84696,-0.03693,-12.10714,-0.53356,0.0739,-0.09733,-0.70935,2.2274,-1.31384,-0.69665,0.7915,0.13737,0.47948,0.89377,0.38205,1.37224,0.81046,0.84525,0.70057,0.48905,-0.09425,0.2478,-0.17076,-0.93617,-0.33475,-0.18221,-0.16118,0.81022,-0.29727,0.21607,0.53697,-0.13725,0.07022,-0.7361,-0.56541,1.27989,-2.21626,1.89568,-2.78293,-3.80773,1.30269,-4.52207,0.35245,-0.57154,-4.91049,-2.07552,0.34753,-0.22587,0.18149,1.0702,-4.49683,0.22397,0.88757,-2.40983,-1.59754,-2.12609,1.36601,-0.14604,-3.83804,-1.08031,-0.3177,-0.3616,-4.16551,-4.94715,2.89143,1.95183,0.37382,2.55302,1.2864,-2.47837,0.23061,2.85863,-1.78598,1.35005,-0.88306,2.83471,4.64522,2.69395,3.30243,-0.08642,1.67453,-0.5886,-0.43646,-0.36471,4.62641,-0.13813,-8.59949,0.01471,-0.04183,-0.77304,-0.27231,-0.47188,0.92938,0.66412,0.51597,0.67407,0.61735,0.12491,-0.10116,-2.22844,-0.31572,-0.03922,0.7452,0.02057,0.4815,0.28487,0.30688,-8.48801,-3.2865,-4.27155,-3.67521,1.71438,1.22258,-0.19771,-3.89763,0.07794,-0.13921,-0.4864,-0.64398,1.90826,0.67032,-2.49242,0.76395,0.65946,0.88091,1.56112,1.41237,-4.02766,1.35303,-4.1987,1.52001,1.05638,1.41466,1.26557,0.21605,-0.37893,0.29767,0.54439,0.69394,0.36276,1.22107,-0.02361,-3.9732,0.19453,-0.55869,0.02117,1.37699,0.18493,1.00012,-1.14048,0.4187,1.03237,0.64334,0.76887,-0.03749,-1.01654,-1.3866,-5.02124,-0.37458,-1.37201,1.94204,-0.27604,1.72782,-0.31521,-0.94885,-1.1185,-1.21677,-1.20105,0.3691,0.02027,-0.05673,2.93419,-0.61988,-0.0252,1.89299,-0.93666,0.15658,-2.84573,1.96262,-0.45862,1.74059,-4.68653,-0.13905,1.97199,1.40567,1.26638,-0.53721,-0.88982,0.96752,-1.35942,1.52778,0.09657,-0.63493,-5.09705,-5.03199,-5.14643,0.21265,0.16512,7.37875,-0.24463,-0.21799,-0.01693,0.1448,-0.33817,-0.39718,-1.51772,-1.11528,-1.22006,-1.3783,1.14627,0.54814,-0.49559,0.42904,0.51269,0.19812,-0.81926,-0.91802,-0.89886,-0.96656,-1.28421,0.02598,-0.68823,0.25343,0.49056,0.2752,-0.08496,-0.45269,-0.20751,0.08953,-0.45239,-1.4515,-0.19726,-3.11778,1.99451,-0.64369,-0.60244,1.77799,-2.3932,1.6544,0.73197,-2.20122,-3.60766,-3.81696,1.46984,0.70039,1.91375,0.0785,-0.30157,0.09262,-0.09086,0.08225,0.00181,-0.45688,-0.33669,1.33219,-2.3937,-0.51746,-0.48543,-4.87406,1.28575,1.22289,-1.05166,0.11563,-0.13139,0.41142,0.32072,0.29391,1.05493,0.05929,-4.67241,1.17867,0.36801,2.36932,2.1936,1.93736,0.13101,-2.13987,-1.91814,-1.79157,-2.23166,0.34504,-0.11622,-0.55058,6.81382,0.29304,0.28789,-1.16331,-1.11203,-0.47004,-0.09286,-2.38264,0.15719,-0.8588,1.52493,-1.94473,1.42779,-0.54042,1.51088,0.63285,0.44508,0.22655,0.62922,1.00552,0.03726,-1.54904,-1.91769,-1.6783,-1.78959,1.01295,-0.09549,-2.03909,6.27811,0.06474,-0.34569,0.0043,-1.27215,-2.19208,0.08915,-0.5995,-1.75587,1.62561,0.55025,-2.10374,0.71637,0.52172,-2.07659,1.24922,1.75266,1.81395,1.57317,1.75741,-0.66681,-0.63632,-0.04638,-0.08604,-1.1179,1.59274,0.02539,-5.86743,3.04532,-0.05912,-0.37862,2.27,1.51179,-1.09554,-0.1511,-0.42915,-2.01984,1.75046,-5.00286,-0.39895,-3.22584,-1.46123,-0.40723,2.07054,2.38876,0.81564,1.68604,0.70422,0.11688,-1.80304,-1.79778,-1.63819,-2.17016,0.97951,-0.33282,-2.75908,6.56122,0.08367,-0.19976,-0.78007,0.15591,0.77587,-1.30501,0.98194,-0.12814,0.30499,0.88789,1.12157,-2.05678,0.73806,-2.09419,1.68806,1.19718,1.18359,1.6182,1.33672,0.02044,-5.14641,0.68059,1.33818,-2.31097,-0.34369,-0.04366,0.36254,-1.40077,-0.04176,0.10958,0.53217,3.01972,-2.02615,-3.00718,-0.01524,-0.86842,0.94707,-2.5756,-1.89384,-0.46622,0.01261,0.11797,0.99689,0.6229,0.99744,-1.04302,-0.07191,-7.52139,-3.38818,-3.68824,-4.11812,2.49012,1.21989,0.02742,-2.62601,-1.962,-0.12594,-0.07453,0.49838,2.75372,0.90558,0.1833,1.2624,0.6419,0.65172,-0.09324,-0.99448,0.76527,-0.36704,-0.54414,0.6189,0.06947,0.29358,-0.18514,-0.13,4.21639,-1.76145,-5.57721,-5.80964,-1.67022,-1.90408,-0.31891,5.30164,-1.84139,-0.22491,-0.03846,-1.26387,0.31894,-0.78924,-0.40446,-0.60509,-1.62231,-1.52209,-2.62109,0.91277,2.12203,1.17235,-2.01671,0.78953,0.19066,1.7764,1.25808,1.16875,-13.24823,-1.75994,-4.75365,-2.4825,1.20427,-1.30701,0.14782,2.18699,-0.95936,0.1613,-0.04853,-0.91912,3.29004,0.44126,-0.27491,-0.12422,-0.87232,-0.75507,0.79963,-0.4307,1.66593,0.30509,0.53461,0.70048,0.26326,0.18694,-0.351,-0.31591,0.23147,1.06283,-0.54513,-0.71424,-0.05202,1.01374,0.10471,-2.83639,-7.62395,-0.12427,-0.3808,1.54288,0.28199,1.13109,-1.92291,0.56186,-1.00216,1.47778,-4.26078,1.47392,2.07247,1.78129,2.44517,1.04512,0.45908,1.04748,0.2083,1.49046,0.03747,-4.63725,1.63943,1.86559,-5.49836,0.65613,-0.06495,-0.83551,-1.66129,0.27002,0.1074,0.53906,-0.21445,0.58341,0.05612,-0.04182,0.31244,-0.09308,-0.13303,0.43779,-3.3324,-0.56776,-1.04409,1.17981,0.97114,3.19295,1.59865,3.26268,-3.11576,-0.59591,-1.87502,-1.20682,-0.99786,-7.44831,0.05256,11.23152,-0.17633,-0.0256,-0.00845,-0.40703,-1.13981,-0.30956,-1.9205,-1.05413,-1.30579,0.37267,-0.93674,-0.45767,-0.29003,-0.43033,-0.34493,