{"inDim":25,"hidden":40,"out":4,"W1":[-0.01476,-1.28687,-1.45149,-1.61644,-1.71584,0.76853,0.08037,-2.55708,7.28945,0.10762,-0.51583,-1.29619,-0.12765,0.72302,-0.37237,-3.85116,-0.68347,-0.27584,0.75109,-0.76523,-2.4997,2.16795,1.25813,1.2845,1.34627,-0.19948,-0.37615,-0.07645,0.58637,-0.25269,-3.95228,-0.38847,0.83199,-0.81153,-0.8068,-1.82673,-0.13535,-3.89266,1.14992,-0.28102,-2.38362,-2.56483,1.8224,-1.56168,-1.49844,-1.5697,1.11419,1.25828,3.81162,2.10845,0.61357,-0.10439,1.02714,0.90361,-0.84129,0.30565,-0.31887,-0.35401,-1.63793,0.07073,-0.74813,0.53874,-1.05589,0.62587,-0.94174,1.23825,-1.49404,0.60344,0.90578,-4.8099,-0.01401,0.95561,1.15407,1.7971,-2.83014,-1.15869,-1.20173,-1.93925,-2.12682,-0.94803,-3.34858,-0.15485,7.76428,-0.34902,-0.10246,-0.36215,-1.81811,0.62247,-0.84798,-0.18486,-1.0902,0.38549,0.15429,1.01343,0.75999,0.15503,-0.28332,-2.69671,-2.72049,0.37861,-5.70693,-3.78084,-3.78083,-3.5875,1.9834,-0.01331,0.09024,0.78802,-0.47887,0.00917,-0.236,-1.21994,0.14192,-0.13819,-2.30133,0.21448,0.04603,1.55481,1.00589,-4.25624,1.31476,0.42671,-0.2619,0.67062,-0.04189,0.54296,0.75507,1.18793,0.85475,0.73378,-0.02766,-0.29602,-0.45342,-3.2837,-0.21654,0.43124,-0.09378,1.07357,-3.58283,-0.64776,-2.46038,-1.49917,-0.76413,-0.03362,0.39587,1.1692,-3.36095,-1.06351,1.64029,1.92226,-0.028,-0.04719,-0.23222,-0.24164,-0.07208,0.01644,-0.05825,-0.35495,-0.29651,-0.14503,0.00844,0.11591,-0.24995,-0.10512,0.10359,0.02875,0.19618,-0.28552,-0.26,-0.2938,-0.23634,0.04579,-0.19772,0.01543,-0.08971,-0.53653,0.06775,-1.76502,-1.41975,-1.0841,-1.28212,0.03586,4.5185,-0.42055,-0.24158,-0.8995,-0.60006,0.35459,-1.02973,0.73275,1.00551,-0.54766,-2.94297,-0.69833,0.6443,0.56061,0.6737,-2.8065,2.32358,-0.62606,-0.02094,-3.3142,0.48689,0.36879,-2.43745,-2.97853,-0.10553,8.7678,-1.39994,-0.16138,-0.26504,-1.51084,-0.26909,-0.93721,-0.70346,-0.99911,-1.63495,1.03298,-0.8424,0.45828,0.55236,1.15538,0.14586,0.11608,0.666,5.35936,-4.44746,-3.80241,-4.096,1.17497,1.20219,0.41479,-4.10602,-0.898,-0.76293,-0.34215,1.38081,-0.61956,-0.6548,-0.75034,-0.60907,-1.53899,-1.03071,-5.71571,-0.61609,-2.10296,0.36158,0.26265,0.49441,0.56536,0.42295,-0.78672,-1.15855,-1.17528,-0.81646,-2.67657,-0.02103,6.70555,-0.27278,-0.57085,-0.43742,-0.2798,-0.69457,0.80251,-0.0254,0.17088,0.51962,-0.99827,0.00861,0.09428,0.52228,1.30417,0.77365,0.63512,0.8818,-8.06531,-1.18558,-5.23492,-2.10775,1.3002,-0.74033,-0.1058,1.5567,-1.25061,-0.62399,-0.14533,-1.22583,3.06245,-0.00514,-2.67005,-0.12913,0.55681,0.06034,0.97934,-0.12241,-0.38126,0.60663,0.07649,0.40781,0.73449,4.2099,-4.14256,-2.99405,-3.17143,0.39949,0.86843,0.0434,-1.99758,-0.09411,-0.62024,-0.61826,2.15997,0.50044,-0.83794,-0.53441,-0.89672,-0.77337,-4.229,-4.38363,0.81712,0.73519,0.683,0.56518,-3.11461,-4.13081,-0.76167,-0.64802,-0.69744,-0.81446,-1.02453,-1.72694,-0.2342,4.66016,-1.02482,0.03083,-0.24962,-0.03688,-1.65306,-2.02831,0.20809,-3.57039,-0.1546,-3.56247,-0.27567,-0.09351,1.32115,0.97539,3.58563,0.76089,0.8819,1.71924,-1.74737,-2.06406,-2.10604,-1.82754,-6.38186,-0.04713,11.38542,-0.08548,-0.06686,-0.06251,-0.52462,-0.2141,-0.06559,-1.66728,-0.15324,-0.35988,-0.44807,-0.48587,-0.54251,-0.55327,0.16279,0.2504,0.04545,0.16874,0.68571,-0.21132,0.10882,-0.33372,-0.16004,-0.84351,-0.07006,-3.51341,-0.70299,-1.03193,0.28558,0.31419,-0.53982,0.72626,-4.19029,-0.32375,-0.67232,2.25417,-3.2291,-0.35691,-2.33888,-2.00148,0.75256,2.72149,2.77297,-0.07851,-0.51068,-1.74362,-1.47935,-0.72208,-2.24177,-0.08766,6.30047,-1.14137,-0.4066,0.27916,1.02843,0.01765,-3.63039,0.94055,0.55517,-0.0674,-1.1258,-0.78525,-1.885,-3.32068,0.10208,2.13187,0.72097,0.55179,-1.22724,-0.95629,-0.59429,-0.79911,-0.71068,-5.47515,0.62808,4.77882,-0.89628,-0.34742,-3.70254,-4.61971,-1.55214,-1.36572,-1.63104,-4.55478,-0.36866,-1.39968,2.7937,-1.36437,-0.36872,2.94459,-1.06045,-1.70114,-2.14834,3.54646,-3.09782,-2.40559,-2.76634,-0.03096,-0.02592,-0.34529,-0.34738,-0.31663,-0.03098,0.01487,0.98152,1.38365,-2.71887,0.40517,0.56394,-1.95063,-4.2192,-0.02494,-4.25219,-0.36778,-0.02791,0.73125,0.0348,-0.98375,-0.04593,2.60862,-1.22541,-1.03022,-0.35605,2.63201,-0.18217,-6.79405,-0.1535,-0.18706,0.33504,-0.9262,-1.65374,-2.82233,-1.14924,0.65481,0.21146,-1.39296,0.50362,-1.8474,1.48505,-0.90012,0.31703,1.45605,1.75009,0.02646,-0.53817,-1.00871,-0.56133,-0.65929,1.32572,0.21038,-3.93054,6.16323,-1.12834,-0.14823,-1.35305,0.66202,-1.10531,-2.42542,-0.94768,-1.3365,-0.15115,-0.29816,-3.69079,-0.49751,-1.67515,1.05932,1.47407,1.73289,-0.29925,-0.10153,0.16905,-0.03209,-0.05268,-0.24691,0.07431,-0.06301,-0.01612,-0.3195,-0.25748,-0.27157,-0.17448,-0.13106,0.17993,-0.08099,0.06226,-0.06753,-0.17721,-0.22014,-0.12476,0.05008,-0.2503,-0.01572,-0.05873,-0.12866,2.69789,-2.65709,2.19639,-1.48793,-0.93242,-0.13992,-4.52803,-3.98964,-0.43231,-0.38998,-1.8404,-0.89567,-0.68604,2.09598,0.9716,-0.23714,-0.43017,-5.07688,-4.85365,-0.13528,1.4349,2.68498,2.42889,1.36473,0.09792,0.6026,0.88601,0.81826,-3.33566,4.01605,0.00825,-9.48569,-0.55459,-0.50723,-0.0098,0.44327,-2.23164,0.81802,0.53299,1.03749,0.97388,-3.30514,-1.91737,0.97891,0.62382,1.99691,2.07438,1.70005,0.94439,-0.17409,-0.21911,-0.05274,-0.18541,-0.32455,-0.02522,-0.30052,0.04379,0.11085,0.05568,-0.2438,-0.19989,-0.21583,-0.2054,-0.11868,-0.1115,-0.17478,0.21429,-0.02268,0.01317,-0.12754,-0.28126,-0.07323,-0.29114,-0.07001,-0.18197,0.17889,0.08639,0.27934,0.16505,4.64418,-0.0412,-10.00553,-0.30006,0.00406,-0.53699,0.83845,1.2112,0.69861,0.04558,0.27737,1.12186,-3.99813,-0.93816,0.36617,1.25541,0.90271,0.64441,0.18193,1.43305,0.71956,0.32163,-4.09637,-3.23479,-0.40373,-0.56519,-0.20327,-0.25399,-2.11564,0.47488,0.04611,1.10884,1.01264,1.69299,-3.55743,0.65905,0.66976,-3.51311,2.20012,1.78392,0.75202,0.14906,0.11007,0.52512,1.1031,-0.34184,-1.32699,-1.25154,-1.40986,-1.49769,1.54389,0.15961,-3.79696,7.00573,-0.15768,-0.3275,-1.66413,-0.71929,0.5198,-2.69646,-1.63445,-0.58547,-1.55886,0.22277,1.27445,0.29943,1.42601,0.87448,1.23977,1.87193,-0.14096,-1.52865,-1.4583,-1.27837,-1.98576,0.12295,-0.02318,-0.48541,7.31934,0.27106,-0.13032,-0.7843,-1.20231,-1.27281,-1.01811,-0.47081,-0.887,-2.34323,0.80347,-2.17851,0.17492,0.80986,0.52329,0.93539,0.33512,-1.32734,0.65267,-5.30263,-4.23578,0.84912,0.07801,0.09419,1.33097,-0.21403,-0.84054,0.25,-0.5874,-1.76518,0.59474,-1.10177,-0.81232,1.16318,2.70731,-4.0872,-2.35448,2.29606,-0.06723,-1.17571,-0.25535,0.97423,-0.04635,1.21017,-1.70042,0.67524,1.01836,4.04655,-0.00049,-10.62437,-0.35207,0.07951,0.04078,-0.1994,-0.70092,1.30439,0.14355,0.14781,1.44433,0.83745,-1.65621,-0.71775,0.94315,1.2565,0.12348,0.05317,1.65743,0.00594,-0.46847,0.64141,0.76082,-0.80702,0.42334,0.26124,-2.32566,-0.13929,-0.518,0.45967,1.35156,-3.36286,0.87126,-0.52788,-1.72857,2.31295,-4.51886,1.14404,-0.6379,-4.03833,0.40926,1.91401,-1.38727,2.21107,-5.23668,-0.7744,-4.41342,-2.64932,1.30051,0.89871,-0.20924,-2.39945,-1.24664,-0.08608,0.32301,0.79732,1.38564,-0.21323,1.63161,1.2591,1.61475,-1.75505,0.70008,0.45032,-5.25817,0.32182,1.72591,1.71604,1.63688,-1.89411,-1.19602,-1.67759,-1.45313,-1.21505,-6.46533,0.00285,11.68116,-0.05104,-0.02845,-0.06444,-0.60151,-0.73293,-0.14125,-0.02936,-1.73501,-0.08921,-0.17136,-0.27012,-0.18672,-0.13546,0.15263,0.18023,0.18733,0.20645,0.09862,-1.71287,-1.74077,-1.75716,-2.03394,-0.1889,-0.05203,0.04114,6.88158,0.20683,0.11466,-1.00896,-1.71277,-1.71363,-0.42051,-0.30026,0.2611,0.18554,-2.42015,0.15211,-2.99929,-0.17458,1.21323,1.18148,0.82378,-0.70644,-1.16528,-0.96261,-0.98117,-0.54096,-2.95368,-0.16198,6.52413,-0.73799,-0.15583,0.01702,-0.36939,-0.69051,1.18409,-2.34481,0.80915,-0.90476,1.05415,-0.954,-0.73203,-4.25392,2.10884,0.45112,0.96154,0.17617,0.16737,-0.01482,1.99954,1.7522,-1.4617,3.6974,-0.03346,-8.9916,-2.06462,-0.8119,-0.26508,-1.4625,1.68666,-0.78347,-0.7854,0.36057,0.90189,1.47153,1.42261,1.60243,-2.4462,-0.11762,-0.11252,0.28868,0.39142,0.11273,-0.22593,-0.05167,0.40238,0.7191,1.39401,-0.10652,-4.13371,-0.48211,-0.16133,0.14548,2.49722,1.60583,1.8035,