{"inDim":25,"hidden":40,"out":4,"W1":[-0.15472,0.90143,1.83105,1.19196,-0.84413,2.26456,0.28044,-6.8376,-3.02164,-0.49468,0.48365,0.76488,-2.59372,-4.00296,1.43076,-2.43095,-1.79695,0.70196,2.03036,0.40852,-1.186,0.42699,-4.247,0.46113,1.30813,-0.68155,0.44061,-0.35338,-0.03226,-0.40891,-3.77696,0.18533,0.09177,-2.36635,-0.96502,-4.15168,-2.66117,0.17361,-2.66452,-1.8502,-3.7433,1.4302,-4.52791,1.29283,-3.43622,-4.94075,3.61504,-0.56619,-0.45843,-3.17009,-0.13911,0.82966,-0.3123,2.13515,0.66546,3.50656,-0.14561,-9.70532,-1.49899,-0.08628,-0.23434,-0.96545,-0.95493,1.42704,1.44775,1.61199,1.34279,-0.49795,-1.62594,-1.92062,-0.36111,1.13779,1.18001,1.48236,1.29581,0.09722,-1.10187,-0.72473,-0.79046,-1.28253,-3.12673,-0.12669,8.62766,-0.73163,0.01284,-0.27123,-0.5735,-0.42847,-0.94072,-1.14,-1.02803,-1.19491,0.55667,-2.74103,-3.54547,0.54921,1.65287,1.52845,1.37959,1.5205,-0.12587,-0.49794,0.00694,-0.40117,-0.07207,0.72227,-0.54715,-0.54263,-0.31272,-0.34483,0.013,-0.14859,0.00264,-0.41207,-0.05255,-0.24151,-0.31949,-0.10925,-0.08448,-0.13132,-0.57278,-0.1874,-0.09462,-0.6192,0.146,-3.27937,1.42966,0.67573,0.64343,-1.99196,-1.24472,-0.32806,-0.25009,-5.56307,-0.14991,0.23323,-1.38044,-0.22118,0.74224,0.47984,0.05741,0.06309,-1.98688,-2.97074,0.99365,1.50888,-0.90754,2.10235,3.92537,-2.25796,-1.0564,-0.06843,0.41675,0.62832,-0.03346,1.43244,-0.25086,-3.05656,0.13276,-0.44755,-0.0794,-1.64512,0.5198,-1.41257,-1.67739,0.21151,0.62087,0.32343,0.53602,0.65445,-3.35075,-1.64498,-1.23941,2.48441,1.81914,0.01957,0.57463,1.7394,-0.65468,-0.37537,1.78399,-0.16325,-12.75009,-0.53825,-0.1237,-0.02932,-1.00704,0.62063,-0.26516,-0.74093,0.66104,0.78104,1.31449,1.04733,1.19028,1.14275,0.04727,0.2635,0.00479,-0.0996,0.58476,0.36747,0.69715,0.43636,0.32525,1.41232,-0.02611,-9.70129,-0.17792,-0.34932,0.00565,0.38814,-1.93663,0.77294,0.10902,-1.76153,-0.68683,-2.37542,-2.48127,1.13342,0.69167,2.51421,1.66776,2.04736,0.99958,-8.11065,-0.17571,-3.47212,-3.66058,0.56695,-3.83579,-0.0581,6.88488,-2.61857,-0.24986,0.17669,-0.40195,0.98525,0.80669,-3.12141,0.29143,-0.04437,-0.32919,0.76654,0.75239,0.06882,0.86604,-0.12144,0.24097,0.31726,0.02007,-0.0638,0.44392,0.94053,0.2116,-2.27578,-0.24123,-9.30062,-0.58685,-0.38182,-1.35401,0.32813,-2.18882,-3.26115,0.92887,-1.4486,-1.18639,1.91478,-1.2025,-1.40732,-1.62217,1.7927,-1.7987,2.12483,1.40751,-0.31967,-1.1475,-0.34039,-0.37001,-0.90545,1.63666,-0.123,-4.93614,5.67082,-1.59911,0.23726,-1.5344,-0.78799,-0.25022,-0.81814,-0.44046,-0.32179,0.29598,-3.27192,-3.47079,-3.26002,-0.74886,0.8573,3.04817,2.9189,-0.22863,-0.25641,-0.1418,-0.27751,-0.20828,-0.10188,0.0665,-0.23108,-0.25236,-0.21142,0.02377,-0.18225,-0.14816,-0.03898,-0.24694,-0.103,-0.0172,0.02116,0.12008,0.07716,-0.0229,-0.07969,-0.0862,0.05143,0.14354,7.09054,-1.8675,-4.76157,-2.33006,-0.4905,-0.19643,-0.04952,0.40887,-1.84586,-0.31937,0.26161,-0.09369,-0.94765,-0.85831,-1.00827,-1.26988,-1.17211,-0.4992,-0.12741,0.1629,-0.51323,0.30557,0.5269,0.27167,0.91069,0.31589,-5.71377,0.67469,1.46338,-4.85274,-0.38437,0.1098,1.94028,-3.13166,-1.64314,0.04782,-2.95016,1.7121,-1.80469,-2.37749,-0.41925,0.22601,-0.51112,0.53224,2.22294,1.02468,0.71619,0.61694,-0.99938,-0.14647,-0.10136,-0.18371,0.14871,0.06845,-0.22543,0.02549,-0.21457,-0.30154,-0.24625,-0.18628,0.04532,-0.15156,-0.22701,-0.10754,-0.03514,0.05444,-0.22171,-0.00687,-0.06192,-0.03367,-0.13341,0.09427,0.08241,-0.20043,0.08737,3.7008,-0.22359,-2.32532,-2.39331,0.61278,-0.1444,-0.07527,-2.41666,-2.86151,-0.23121,0.37866,-0.73321,0.57541,-3.79518,0.87223,-1.15818,-0.33043,-4.18136,0.25896,0.96124,0.58673,0.08384,-0.17453,1.00083,0.75878,-0.09576,-1.35697,-1.14578,-1.27034,-1.18956,0.55232,-0.05431,-1.80127,7.29863,-0.07484,0.02249,-0.7177,-0.96948,-1.11976,-1.00591,-1.47815,-0.96591,-0.2609,-2.96504,-0.24332,-2.99595,1.23097,1.31246,1.48059,1.32707,1.76521,-1.08753,-1.33925,-2.65267,-1.03142,-6.90537,0.02157,11.08053,-0.08803,-0.07213,-0.00196,-1.19363,-1.08124,-1.09774,-2.99323,-1.07425,-1.18727,-2.69798,-0.16719,-0.21864,-0.24836,-0.06427,0.15118,-0.08206,-0.00519,2.80603,1.06169,-0.80615,-0.64626,0.27411,-0.0875,-0.09204,-0.58895,-1.11977,-0.47831,-0.06898,-1.18254,-1.14963,0.20801,1.70533,-1.34441,0.49115,-0.43036,-5.96573,-0.5985,-0.81752,0.60192,1.64563,0.06969,0.15314,0.52899,1.23979,-4.13229,-2.19845,1.60944,0.88283,-0.18654,-4.00856,-3.51885,-0.28231,-0.11098,1.06361,0.57809,1.33967,-4.08928,-0.22816,1.22764,-4.18028,1.27313,1.05373,1.22587,0.9691,0.21393,-0.24352,0.97886,-0.09499,0.22857,0.2673,0.2283,0.14442,4.1496,-0.03842,-9.56859,-0.36257,-0.29317,-0.24303,0.58127,0.08883,0.76716,-0.63817,0.17638,1.22971,-3.81661,-1.84644,0.86168,1.16622,2.10536,1.62204,1.21764,2.42571,-0.30132,-1.80384,1.27071,1.41237,-3.93478,-1.15448,-0.00828,1.67086,-1.76116,-1.18925,0.32835,0.71569,-1.35424,0.01862,0.47972,-2.08606,-0.27663,-3.69086,2.54586,-0.26948,-3.19341,0.19716,-0.92202,-0.19956,1.90257,0.11297,0.95011,-1.60041,-3.17243,1.31234,2.73054,-0.16334,-6.87418,-2.78174,-0.32711,-0.13137,0.32918,0.21419,1.41611,-1.58021,0.61324,1.7114,2.2448,-0.35469,-2.87571,-1.47807,0.17141,-0.7067,0.30216,1.10835,0.8026,1.64028,-1.77674,-1.6418,-2.43211,2.04356,-0.10404,-5.76963,0.14988,-0.57711,0.34049,-0.35006,-0.39812,-4.03983,-0.07523,0.26629,-0.0847,-1.09795,0.45788,-2.7189,1.46323,-1.2529,1.74825,2.65512,2.7322,0.62379,-0.51017,0.29272,-0.01087,-0.20518,1.27252,0.12592,-4.26246,-0.08947,-0.47861,0.25178,1.66239,0.21714,1.07501,-3.94299,0.70145,-2.44063,1.23927,-0.71833,2.24363,1.23539,-5.07476,-3.91838,-4.91829,-0.40192,-3.43487,-1.33333,-1.70439,0.71101,1.94758,3.01869,-0.16651,-7.41926,-0.76913,-0.13502,0.1576,-0.24293,-4.48385,1.35284,-1.85023,1.8059,1.54094,-4.75056,-0.54984,-0.2104,0.3121,1.28581,1.44741,1.03074,0.80766,-3.72113,-2.30083,-0.75558,0.01651,-0.16845,3.16156,0.04725,1.18606,-1.23174,-0.14733,-1.10503,-4.21944,1.40174,-0.86736,-1.62843,-0.03533,-2.47582,-4.88712,0.64985,-2.22856,1.75125,1.44421,1.69285,-1.22237,-1.15868,-1.0516,-0.75621,0.43323,0.17106,0.7209,0.9626,-0.08609,-3.15453,-0.33337,-0.56129,-0.42314,-1.43665,0.74727,-0.81705,-0.92178,1.5626,-1.53236,0.18482,1.31715,-3.54041,0.16423,-0.33231,-0.2421,1.33241,0.33703,0.42142,0.26109,-1.88277,-0.89279,0.32063,1.20858,-0.07737,0.6522,-1.41683,-0.14157,0.20873,-0.23389,-0.03711,-2.02538,0.63942,-0.32434,-1.09864,-0.20945,0.18509,0.68468,-2.134,0.52406,2.81289,-3.57308,-0.35919,-0.28113,-0.20033,-0.04654,0.34148,0.3399,2.3879,-0.19557,-3.74727,-1.31361,-1.00033,-0.49429,0.84706,-1.90743,0.33764,0.99814,-1.17077,-3.08029,-5.54498,-3.26677,0.79716,1.2541,1.86938,3.0282,1.65608,1.00347,-0.30008,0.40397,-2.22895,0.01637,0.5385,4.90638,0.22215,-8.15312,0.06258,0.03357,-0.00257,1.05933,-0.18604,0.07846,-1.85296,-2.42297,0.88252,1.29986,-2.73973,-2.43629,1.56384,1.93316,-0.1619,0.38126,2.27312,-3.71813,-3.45224,1.74297,1.63846,0.78561,1.56012,0.00365,-4.82909,-0.56771,-0.31092,-0.09359,-1.38326,1.49,-0.53628,-0.96879,-1.87123,1.64709,1.37995,1.28235,-3.13068,1.30091,-4.34164,-2.92741,0.49486,0.50574,0.02212,0.22639,-1.91247,-1.8447,-1.08408,-1.035,-0.04056,4.95026,-0.68497,-0.16633,-0.30104,-1.57044,0.46005,-0.95685,0.0514,-0.09992,-2.50624,-2.5224,0.25914,0.3897,1.21582,1.24577,-4.01183,2.65283,0.6566,-0.52343,-1.53613,-1.19393,-1.07341,-1.32785,-0.18397,-0.09173,-0.80148,6.71614,-0.33294,-0.32634,-2.40537,0.20676,-2.23499,-2.21688,-1.44808,-1.61319,-2.54199,0.11172,0.87187,-2.64419,0.92311,1.07278,1.15151,0.49676,0.05554,-1.09434,-1.31111,-1.17902,-0.98141,0.6338,-0.00694,-2.39336,6.9298,-0.10255,-0.3397,-0.62826,-1.46186,-0.81796,-1.59599,-3.47725,-0.81727,-3.04085,0.25372,-1.10161,-2.94633,2.15523,1.71095,1.75429,1.26594,-0.01775,-1.11965,-1.26199,-1.0189,-1.25081,0.83136,-0.01822,-1.96836,6.91743,-0.0207,-0.04934,-1.10443,-0.67352,-0.93735,-1.15743,-1.24463,-1.46779,-2.593,-0.18564,-2.5375,-0.02227,1.3921,1.27143,1.18757,1.35127,2.64689,0.59555,-1.02318,-0.69918,-1.56191,-0.52352,-0.40936,2.68815,-2.93834,-1.05238,-0.32628,1.01387,-2.73634,-1.52483,0.20213,