{"inDim":28,"hidden":40,"out":5,"W1":[-6.76552,-0.19117,-4.59278,-0.73761,1.38977,-1.4474,-0.20641,1.59812,-1.63137,0.18935,0.41487,0.31187,2.90557,1.36114,0.68877,-0.51646,-1.35278,-0.46142,-0.14449,0.24508,0.83892,-5.49641,0.32902,0.234,0,0.52477,-0.40038,0.2059,-0.17099,-0.00643,-0.61235,-0.37387,-0.13649,2.89254,0.09212,-6.2956,2.05997,-1.32451,-1.59297,1.89567,-1.32164,-1.25722,-1.14788,0.56861,-0.44615,0.51096,-3.4936,1.08849,0.87457,2.41634,2.70387,0.5254,0.61798,-3.94624,-2.11436,-2.57373,0.82215,-0.51035,-0.76956,-0.5789,0.26632,0.40736,-0.08479,-2.34155,-0.12589,-1.09085,0.82963,1.8886,2.17878,2.3467,-2.32734,-3.18771,2.43949,-3.0173,-0.87718,-3.54366,-2.59894,0.64143,-1.43609,-4.87971,-0.77249,-0.06146,-3.87739,-0.4364,-0.08066,-0.11355,-0.09556,-0.02821,-0.47877,-0.15226,-0.52766,-0.4391,-0.51826,-0.01199,-0.01832,0.04689,-0.13937,-0.2564,-0.13972,0.04215,0.05415,-0.37399,-0.28341,-0.06057,-0.03988,-0.14927,-0.06877,-0.05633,-0.08795,-0.32162,0.13624,0.38734,-0.07335,-0.7221,-0.6621,-0.37131,0.13568,3.79154,0.10753,-9.4528,0.24192,-0.90469,-0.22036,0.48707,0.77492,1.17653,-0.2176,-1.20138,0.25366,1.8722,-3.97485,-3.22941,1.76983,1.15194,1.35283,-0.58061,0.33729,0.4282,-0.83368,2.57333,-0.46832,0.59403,-0.12558,0.28982,0.45746,-2.83028,-0.12859,-10.11727,-0.65115,-0.26765,-3.28664,0.09531,-1.61805,-0.48929,1.40538,-2.36502,-1.10921,-1.70748,2.05002,-1.49187,-1.85076,-1.73538,-1.70271,1.44438,-1.06424,2.02816,2.78333,0.94515,-0.17782,-3.93841,1.71599,1.73276,-3.85745,4.15199,-0.13644,-10.48289,-0.83989,-0.0251,-0.04088,0.24293,-3.97244,0.03603,0.13937,1.41809,-0.06454,-0.73156,1.8774,1.62218,2.42674,1.32592,1.52604,0.03968,-0.64325,-2.90275,0.26465,0.75843,0.04626,-1.63757,-1.60779,-1.56432,-2.26795,0.15859,-0.12542,-1.57107,7.24344,0.26737,-0.44574,0.16132,0.03091,-1.4914,-0.53643,-0.01213,-2.95467,0.30794,-0.62152,-0.63972,-0.3328,-0.66684,-3.3079,1.13863,1.30965,0.89078,1.06801,1.08307,0.33872,-0.03091,-0.0729,-0.08978,-0.18513,1.29862,-0.10592,-3.62033,-2.66753,-0.33308,-0.04507,1.78099,-1.57057,1.22482,0.26761,1.53136,0.70886,1.12404,-4.74786,0.79838,2.72931,1.22819,1.89001,1.61005,1.62244,2.50138,-0.28767,0.92284,0.26789,2.25354,-1.34662,-0.02932,1.05301,2.73022,-0.04147,-7.17174,-0.44759,-0.08678,-1.73349,-1.26813,-1.44105,0.31959,0.33125,0.01371,0.35545,0.34808,0.18981,-5.12968,0.28972,-4.50437,0.0083,1.11748,1.32698,1.29163,1.28478,1.12034,-0.15491,-0.75306,-1.31176,-0.39717,-0.36339,1.518,0.41203,-4.15425,-0.25304,-0.53412,-0.06145,1.01896,0.8489,1.95319,-3.14327,-2.32161,2.25938,0.08768,-4.03112,-0.83377,1.40873,0.39614,-0.54154,0.4709,1.42646,-1.17731,3.00541,-1.8407,0.32873,0.06235,0.31417,0.01987,0.05931,4.04327,-0.12064,-10.02715,-0.41251,-0.21531,-0.09933,1.84793,1.12494,1.71556,0.58437,0.6844,0.80857,1.33028,1.25415,1.02001,1.30829,-3.65466,-3.49166,0.54875,-0.66686,-0.69606,-1.01718,-0.83769,-0.27234,0.34247,-1.88836,0.78885,0.32431,3.18057,-0.52581,-8.56677,-0.32238,-0.03695,-0.73494,-1.24484,-1.20964,1.12258,0.48301,0.48201,0.16415,0.41855,0.26021,-2.63999,-0.8582,-2.47829,-0.42133,1.09623,1.01184,0.80195,0.77888,1.19746,0.01639,-4.0156,-0.5173,-0.42893,-3.14687,-4.14326,0.01043,10.51666,-1.09707,-0.05934,0.08239,-1.20197,-1.1675,-0.03742,-0.16543,0.34755,-0.15027,-0.12451,-0.26652,-3.23866,0.35738,-2.9901,-0.34199,1.98312,1.81199,2.2023,1.71401,1.72117,-1.45341,-0.35489,-5.55466,-5.58886,-0.69176,-1.71548,-0.21384,6.6838,-0.96788,0.14373,-0.11377,1.40824,-0.67454,0.06801,0.61178,1.19997,0.99293,1.42478,0.04407,0.08717,0.93992,-0.78538,-2.08893,-0.17003,0.24647,1.10325,0.65017,-0.26603,0.79731,-0.23748,0.38074,0.27085,-0.5077,3.01928,-0.04091,-8.22428,0.12588,-0.88014,-0.07374,0.63825,-2.15451,0.65628,0.24532,-1.53285,-1.27716,-1.36167,0.86718,-2.75287,2.10471,2.09968,1.12943,2.62844,2.4716,2.48666,0.4662,-0.41764,-1.37739,-0.83106,-0.50958,-1.02581,-0.19945,-2.97029,0.41535,5.19266,0.07391,-0.60254,-0.13125,-0.61565,-0.28624,0.72609,-2.39261,1.85092,-3.83345,0.22542,-1.84209,-2.95286,-0.37293,-0.20033,-1.35877,2.08767,-0.17284,-3.2493,1.64636,2.65123,0.14253,-2.82835,2.38971,2.53135,-3.08976,0.57004,-0.0983,-0.97626,-2.27191,0.16418,0.06923,0.7469,0.53814,-0.12739,-0.30343,0.98984,-0.30872,0.06099,-0.4747,0.31421,-3.97009,0.02245,-0.09241,1.91556,0.68485,2.42004,0.48978,1.85761,-1.13795,0.113,-0.25193,-0.24922,-0.66188,-1.07541,-0.21119,3.43627,-1.11916,-0.4772,0.0313,-2.39059,1.44945,-1.95763,-1.58155,0.63826,-0.9325,-0.29134,0.16372,-0.48108,0.5728,-0.59416,-5.87365,0.92761,0.77695,2.76447,2.32297,1.64646,-0.72103,-4.37394,1.05551,0.99782,-1.09205,0.42685,-0.33522,-0.80658,-2.18018,-0.34958,0.23482,-4.82004,1.52077,-2.41678,-2.38549,-0.09558,-0.64587,-1.1546,-1.66153,-0.88346,2.05282,-0.72931,0.75804,2.6647,2.62168,-0.9296,-2.87024,-0.64041,-0.21996,-2.61738,-0.0175,0.35056,-0.67915,2.00699,0.48471,-5.01638,-0.22978,-0.62015,-0.26916,2.83113,4.64535,2.02943,-0.04075,1.09073,-1.59084,-1.49449,0.23076,-1.91424,1.97906,-5.91031,-2.12109,-4.48503,-0.48699,0.84077,-0.44492,-1.63028,-0.16762,0.10363,0.04641,-0.37743,-0.21516,1.97401,-0.16641,-6.73051,1.2327,-0.52824,-0.22964,0.27699,2.38,1.71888,-2.6703,1.76366,0.19761,-1.4326,1.48895,1.35836,-2.95545,1.01773,-4.60377,0.35345,0.57381,0.07332,0.80693,-0.92721,0.19155,-2.07603,-1.84509,-1.83964,-2.63819,-0.2891,-0.21055,-0.05965,6.65664,0.3052,0.07232,-0.91194,-0.39539,1.42769,-2.30996,0.91791,0.31376,-0.00823,-2.94632,-0.11623,0.18406,-0.58384,-0.43742,1.29317,1.19071,1.18152,1.28212,0.99786,-2.42375,1.46569,0.09847,-0.18992,-0.04133,-0.05235,-0.43024,-4.84682,-1.905,0.28285,-0.13411,-0.6216,-1.27723,-4.47785,0.92396,-1.50661,0.43823,0.20608,-0.84869,-1.55025,-3.67357,1.65995,2.21596,-2.32656,2.93273,-1.22381,3.65547,2.69655,0.30953,0.86843,-3.1449,-0.25181,1.24231,-3.02432,0.14605,-6.7191,-0.18038,-0.13107,-0.1819,0.82116,-0.43388,0.99408,-2.96666,2.32364,-1.4637,1.39051,1.6957,-0.09184,1.31805,0.33581,1.80858,-2.76176,-0.97213,-4.9075,-1.2081,-2.19754,0.12227,-0.72762,-2.27415,-1.71684,-1.48739,-0.61666,0.04976,5.22598,-0.93381,-0.38979,-2.84023,-4.25154,0.81445,-1.54797,-1.34529,-3.07631,0.05988,-1.51187,-1.4365,-3.38025,-0.43955,1.02058,2.30431,-3.05844,1.42178,3.05886,-0.41972,0.38873,-1.88629,-0.83304,-2.57407,-1.85811,-0.73349,-5.39808,-0.05432,9.55891,-1.06277,0.20606,-0.14522,0.40563,1.60645,-0.77691,-0.801,-1.0152,-2.15684,-2.13254,-0.59805,0.23425,0.71088,0.38711,-3.51213,0.26506,0.17404,0.16512,-0.59884,0.01655,7.21677,-3.2078,-4.68176,-3.18739,-0.10604,1.2403,0.06774,-4.91441,-0.37288,0.13087,0.12855,0.68272,-1.0429,-0.84878,-1.26906,-1.15817,-1.81866,-0.47561,-0.34545,1.06443,-2.80058,0.41279,0.37187,0.42393,-1.16717,0.66879,0.63624,1.03891,6.02922,-5.46232,-4.57377,-4.57627,1.27801,1.42623,-0.04645,-4.5926,-1.87788,-0.2487,-0.01085,0.98892,-0.66711,-0.18498,-0.42503,-0.38702,-0.85773,0.12801,-0.82489,-0.32052,0.53751,-0.51413,-0.15051,-0.05929,0.11951,0.20845,0.09598,0.41251,2.33418,-1.07152,-6.28046,-6.22293,-1.09158,-3.91561,-0.05091,7.39655,-1.29924,0.4586,0.13745,-0.4507,0.99026,-0.8127,-1.17973,-0.51164,-2.02297,-1.82308,-3.84951,0.24746,1.08191,0.27285,0.01904,0.62912,0.42527,0.66779,-0.36857,0.4344,2.28714,-1.236,-1.74493,-1.42809,-1.16609,1.32886,-0.32988,-2.49177,0.26169,-0.98856,-0.1277,0.1573,-1.35215,-2.41508,1.69412,-3.26815,-0.40707,-0.64106,1.12088,3.39924,1.88299,-2.67006,-2.81727,-1.00346,2.26749,-0.48728,-1.06632,-1.80154,0.94914,-0.25204,-3.79747,-3.87292,-1.27336,-0.56646,-0.08729,6.12481,-0.23187,-0.25706,-0.71661,-1.39736,0.28991,-0.91278,-0.78739,-0.92409,-0.77325,-1.5006,-0.38735,0.14544,2.25872,1.65525,2.55464,0.10917,-4.39229,2.00836,0.4259,0.25429,0.06166,-2.14253,-1.78285,-1.58667,-2.8855,-0.38413,-0.11059,1.07246,6.86578,0.37012,-0.12839,0.48346,0.40387,-0.94412,-0.56963,-0.28517,-0.62656,-0.65571,-0.33629,-3.49841,-0.10917,-3.62623,-0.57899,1.21562,1.25805,1.47491,1.40158,1.49231,-0.20325,-1.66671,-2.02044,-1.76283,-1.63178,1.8084,-0.22113,-5.01891,5.53333,0.03088,-0.21816,2.08312,1.3737,-1.0322,-0.61922,0.26036,-3.08218,