{"inDim":28,"hidden":40,"out":5,"W1":[-0.03813,-1.25963,-1.30599,-1.28294,-1.46583,0.56088,-0.18074,-1.14,6.37633,-0.08322,0.03843,-2.72658,-1.3833,0.27808,-1.95947,-0.83021,-0.66694,-0.59851,-0.04941,0.73025,1.53675,1.68033,1.57357,0.838,0.36418,0.09786,0.6887,0.79457,-0.09287,-0.11407,0.08296,-0.03519,-0.00745,3.61955,0.02872,-9.08544,-0.00282,-0.97692,-0.22141,0.80242,-2.66276,0.01102,0.13454,1.27146,1.09072,0.9079,-3.50396,-1.55944,0.144,2.9121,2.77368,1.3688,1.41451,-1.07707,0.6963,0.32196,3.31615,-1.00404,-1.31909,-0.98532,-0.05624,-4.19414,0.26732,-0.23144,-0.92382,-0.50906,0.54564,0.74707,-4.38579,-0.31863,-4.64799,-0.38,0.54699,-2.38321,-2.76229,-2.15127,-2.94349,1.0858,-3.10123,-2.17629,0.26701,2.39046,-2.19199,3.17496,0.71684,-0.51897,0.07489,-0.06194,0.1245,2.18759,-0.00667,-5.65706,-1.46463,-0.71325,0.06409,-0.24507,1.2412,0.59234,-0.39163,-4.40818,0.37253,0.7551,-4.68659,-3.34095,2.0738,0.80577,0.68582,-2.72077,-2.69024,-0.50315,2.66563,1.99374,0.00928,-3.43242,-0.2535,-0.15677,-3.78836,-3.97384,-0.01111,10.30567,-0.90961,0.1047,0.07986,-0.14728,-0.13078,-0.79873,-0.7481,-0.49696,-0.91536,-0.95489,-0.68142,-2.73755,0.16417,-1.50766,-0.55257,1.19117,1.08779,1.41605,1.04231,1.33504,-0.7766,-2.94846,-0.39079,0.60548,0.87998,-0.97306,0.31212,1.39549,-1.50812,0.20073,-0.02409,-0.0377,-0.26892,1.12363,-0.57929,-2.39106,-3.46483,0.88283,-1.43061,-0.51398,1.39912,0.50221,-4.29837,0.73318,-3.14045,-4.54418,-3.41161,1.38392,-0.29379,-1.45714,-1.46219,-1.52778,-1.53848,0.78301,0.00248,-2.3624,6.73974,-0.13988,-0.05751,0.08508,-0.90979,-1.3536,-1.41729,-0.74477,-0.181,0.08992,-2.31046,0.22736,-2.03572,0.61552,-2.00561,2.59735,2.0482,2.05296,2.27369,1.71096,2.34897,-1.28405,-3.69543,-1.55662,-1.38381,-6.20207,-0.04185,10.28297,-0.34815,-0.08808,0.03991,-0.5243,0.02983,-0.46441,-2.02974,-1.1364,-1.2274,-0.82015,-0.5508,-0.24584,-0.26213,-0.45388,-0.5086,0.08991,-0.04896,0.03555,0.00272,0.00677,-0.04624,0.88122,-3.50895,-5.33181,1.18073,-0.20317,0.17002,0.39806,-2.7926,-0.54252,-0.34615,0.86606,-0.08923,0.12414,-0.3172,-0.33481,0.63512,1.57313,1.53195,1.23833,-3.89679,0.75193,-0.40007,-0.84366,-1.55544,1.44557,-0.5693,-0.40466,-4.66469,-0.1198,-5.56187,-5.24557,-0.19376,-1.58345,-0.04116,4.24003,-3.036,0.01771,-0.2478,0.11894,1.18249,0.3213,0.17277,-0.48873,-1.78742,-0.72019,-1.52512,0.52361,2.77584,0.80755,-3.24296,1.66533,1.12844,1.97644,0.72375,1.04435,0.24953,-4.54154,1.81605,1.58692,-4.49064,2.18507,-0.04988,-5.59066,-2.33947,-0.55646,0.04971,-0.63853,3.52256,-1.08986,-1.30742,0.68332,-0.1369,0.88826,-1.77042,-1.7477,-0.64054,-1.41808,-1.40308,0.20903,0.15969,0.97819,0.17474,0.22929,-7.46635,-0.72769,-4.81349,-3.98903,0.97789,-2.92194,-0.02935,6.36851,-2.45383,-0.17141,-0.1325,0.20596,1.73604,0.48041,-1.46358,0.83284,-0.95754,-0.09793,-0.71205,-0.19272,1.15802,0.27571,0.13938,1.00319,0.16824,0.632,-0.19366,0.58255,0.08017,-0.17105,-1.29708,-0.64861,-0.49243,-0.37749,-0.0622,2.69468,-1.15953,-0.56599,0.18892,-2.54057,-1.42243,0.3165,-1.88788,-1.12536,1.20698,-1.60027,-1.027,0.96418,1.5161,0.34041,2.11293,0.43517,-4.22867,4.03447,1.75861,0.06914,0.9233,-0.1935,-0.62037,0.06998,-0.14787,1.6165,0.08294,-4.2533,0.02496,-0.00061,-0.09341,0.84309,0.50493,-3.00431,-0.12019,1.57813,-2.09786,0.20847,-4.1141,1.37381,-0.60569,0.1183,1.36693,-1.23312,1.17076,0.82983,1.00733,1.54435,0.03991,-0.46599,-0.17146,-0.1406,0.03453,3.97919,0.0821,-9.19076,-0.965,-0.2958,0.02467,1.8317,0.90481,1.88765,-0.06316,0.04358,0.64506,0.67932,2.09602,2.08693,2.04909,-2.40213,-3.04141,0.61788,-0.47784,-0.96421,-1.04947,-1.39911,-0.13226,-0.00525,-0.09789,-0.27979,-0.34756,-0.08418,-0.21764,-0.23142,-0.11257,-0.02076,-0.10552,-0.09453,-0.22116,-0.0856,-0.02596,0.0107,0.13617,-0.22949,-0.11634,0.21374,0.08936,0.12773,0.05386,-0.13293,0.06469,-0.15031,0.14793,0.02744,0.37185,0.56259,-1.08539,-0.48169,0.25549,-5.25837,-0.10334,-3.41654,-1.36517,-1.1848,-3.7542,-0.17796,-2.99199,-3.4736,1.37223,-3.96049,-1.2994,-2.30842,1.79778,-3.34152,-4.25291,-3.55594,-2.61956,2.03469,1.14574,3.05232,3.37781,1.0468,0.35508,-1.06155,-2.22058,-2.07531,-0.98939,2.47734,-0.02834,-6.41366,5.60329,0.44229,-0.19435,-0.03722,-0.08114,0.15938,-3.23123,-0.71576,-2.7397,-0.14576,0.69514,0.5677,-2.83902,0.53673,0.41224,2.00554,1.99383,1.41543,1.92338,2.00914,-0.04695,-0.68649,-0.90171,-0.89126,-0.67018,1.75528,-0.09146,-5.36321,5.88056,-1.22561,0.03954,-1.63269,-0.70113,0.35668,-0.70094,-2.45832,-0.22292,-0.50673,0.43638,0.44882,-3.03932,-3.81108,-1.29447,1.74067,-3.03013,1.76758,2.49623,2.35206,0.16676,-1.47966,-1.43662,-1.39658,-1.34387,1.24514,-0.14354,-2.64237,6.46069,-0.21965,-0.02182,-0.88251,-1.03609,-0.67743,-0.42523,-0.35476,-2.06341,-0.63395,0.22972,-0.65911,0.40774,-0.02652,-2.64273,1.72595,1.79298,2.41848,2.2179,2.32932,0.38728,-0.69657,0.71576,0.52886,-0.81744,2.45653,-0.05783,-5.85368,-0.53611,-0.4199,-0.2127,0.77492,0.93968,0.42704,0.29885,-0.49909,-3.09855,2.44596,-6.11166,-2.39134,-0.64133,0.70506,1.10353,-0.19302,0.07593,3.24,-3.39246,0.32389,-8.52912,-3.3158,-4.00498,-2.61529,1.34646,1.07364,-0.14388,-4.36176,-0.13725,-0.03253,0.02252,-0.26144,1.58159,0.60612,-2.49761,0.65168,1.17336,0.64816,1.52471,1.57075,-3.47506,1.66944,-3.08861,1.74657,1.24341,1.68218,1.39976,1.07339,-0.51603,-0.83861,-0.85025,-1.13511,-1.00823,-6.04223,-0.1425,9.96545,-0.4595,-0.00987,-0.6417,-1.45258,-1.35175,-0.76262,-0.39078,-0.43937,-0.52666,-1.50643,-0.46479,-3.69386,-2.1863,-3.758,-0.06201,0.82094,1.37086,1.41078,1.39176,1.27349,-0.82202,0.66578,0.27692,0.61324,-2.86508,-0.58834,-0.09817,1.39917,-4.5809,-0.45164,-0.12921,-2.15786,1.60706,-1.39072,-1.23569,-0.07294,0.64894,-4.76445,-2.52753,-4.06265,-1.73047,1.40115,-4.33929,-0.48482,-1.50193,2.09952,1.95453,-0.20717,0.30879,0.9409,-1.37886,-1.82394,0.90953,0.18954,-0.00907,-1.57924,-3.17546,-0.22666,-0.19253,0.81496,-0.22834,0.629,-1.22907,0.56581,-0.39138,0.74335,-4.93199,0.67817,3.14738,0.88475,1.30866,2.10504,1.36958,2.72723,0.7948,1.69029,0.08202,-0.35571,-1.0989,-0.9215,-0.28532,-1.17493,-0.03486,3.04899,-0.63631,-1.08029,0.05312,1.02925,-0.62462,-1.02148,1.26078,-2.82552,0.009,0.06859,0.92664,1.16175,-0.23251,-3.55843,-3.68255,-2.1544,1.26766,-1.16323,-3.74667,-0.95208,6.48386,-4.0691,-5.99272,-5.16018,0.62099,0.14929,-0.11444,-0.8391,-3.08615,-0.1448,0.04734,0.8559,-0.98748,-0.88726,-1.83568,-0.02731,-0.78365,-0.12373,-0.20962,-0.78523,0.49598,-0.65395,-1.00289,0.46017,-0.30282,0.91614,0.16232,0.74702,-1.14394,-0.08865,0.70828,0.78159,0.70952,1.35009,-0.35156,-4.17832,-2.06037,-0.41823,-0.1915,-3.64259,-1.38643,-2.35449,-2.58427,-1.38968,1.37818,1.13424,1.20994,1.01388,3.20113,-2.01996,-2.42595,1.42994,0.16824,2.63894,2.49239,2.87715,0.21075,-1.30601,2.5459,2.47623,-1.9889,2.15344,-0.0217,-5.48705,-1.7873,-0.0063,0.05096,0.03091,-0.94892,1.15026,0.09187,1.02593,0.89216,0.4674,0.77466,1.01083,-1.07785,0.85605,-0.22824,2.52408,0.83758,1.96877,1.16185,2.00769,-0.37248,-0.175,0.29443,0.23995,-0.31033,-5.47085,0.30986,3.80558,-2.51221,-1.08144,-3.4517,-4.59639,-0.48661,-2.29784,-1.57367,-1.76105,-4.75032,0.08119,-4.38292,0.87821,-2.16229,-3.42769,-4.68762,4.07571,-0.00207,-0.51938,-1.08155,-1.95342,0.08046,1.62838,-0.24524,0.085,0.25122,3.54112,-0.08402,-8.50446,-0.81309,0.0398,-0.02712,-0.18888,-0.10874,0.87808,0.80756,0.482,0.77007,0.82873,0.12334,-1.49506,-1.44347,-0.91284,-0.00665,0.29093,0.34761,0.06474,0.29513,0.40753,1.31152,-0.29237,0.60786,0.71975,0.00422,1.8518,0.18329,-6.43695,-0.4262,-0.4324,-0.12798,-2.04544,-3.80023,1.04183,0.4895,-0.16121,-1.89042,-1.49894,1.07921,-2.61873,1.24627,0.94381,-3.01353,3.12793,3.57453,3.67781,-0.75979,-1.01397,-0.18766,-0.69761,-1.54794,-1.7948,-1.57978,0.52456,0.11897,7.10607,-0.23492,0.00495,-0.44717,-0.85444,-0.5858,-1.23503,-1.33007,-1.43552,-1.50914,-1.31934,-0.00811,0.15839,1.04822,0.02899,-0.00084,0.53611,0.69808,0.39463,0.43093,0.37774,-0.10023,-1.76216,-1.71442,-1.66757,-1.74093,0.22974,0.01903,-0.74132,7.21795,-0.0807,0.21872,-0.6531,-0.47161,-1.06039,-0.95975,-2.20223,-0.77614,-1.10604,0.43229,-2.17649,